typeCode,freqCode,refPeriodId,refYear,refMonth,period,reporterCode,reporterISO,reporterDesc,flowCode,flowDesc,partnerCode,partnerISO,partnerDesc,partner2Code,partner2ISO,partner2Desc,classificationCode,classificationSearchCode,isOriginalClassification,cmdCode,cmdDesc,aggrLevel,isLeaf,customsCode,customsDesc,mosCode,motCode,motDesc,qtyUnitCode,qtyUnitAbbr,qty,isQtyEstimated,altQtyUnitCode,altQtyUnitAbbr,altQty,isAltQtyEstimated,netWgt,isNetWgtEstimated,grossWgt,isGrossWgtEstimated,cifvalue,fobvalue,primaryValue,legacyEstimationFlag,isReported,isAggregate
"C","A","20240101","2024","52","2024","842","USA","USA","M","Import","0","W00","World","0","W00","World","H6","HS","true","8708","Motor vehicles; parts and accessories, of heading no. 8701 to 8705","4","false","C00","TOTAL CPC","0","0","TOTAL MOT","8","kg","7063136636.389","true","-1","N/A","0","false","7063136636.389","true","0","false","89905775597","87592918297","89905775597","6","false","true",
"C","A","20240101","2024","52","2024","842","USA","USA","M","Import","8","ALB","Albania","0","W00","World","H6","HS","true","8708","Motor vehicles; parts and accessories, of heading no. 8701 to 8705","4","false","C00","TOTAL CPC","0","0","TOTAL MOT","8","kg","46657.129","true","-1","N/A","0","false","46657.129","true","0","false","756719","732493","756719","6","false","true",
"C","A","20240101","2024","52","2024","842","USA","USA","M","Import","20","AND","Andorra","0","W00","World","H6","HS","true","8708","Motor vehicles; parts and accessories, of heading no. 8701 to 8705","4","false","C00","TOTAL CPC","0","0","TOTAL MOT","8","kg","232.422","true","-1","N/A","0","false","232.422","true","0","false","3723","3723","3723","6","false","true",
"C","A","20240101","2024","52","2024","842","USA","USA","M","Import","24","AGO","Angola","0","W00","World","H6","HS","true","8708","Motor vehicles; parts and accessories, of heading no. 8701 to 8705","4","false","C00","TOTAL CPC","0","0","TOTAL MOT","8","kg","4552.595","true","-1","N/A","0","false","4552.595","true","0","false","85843","82549","85843","6","false","true",
"C","A","20240101","2024","52","2024","842","USA","USA","M","Import","28","ATG","Antigua and Barbuda","0","W00","World","H6","HS","true","8708","Motor vehicles; parts and accessories, of heading no. 8701 to 8705","4","false","C00","TOTAL CPC","0","0","TOTAL MOT","8","kg","532.284","true","-1","N/A","0","false","532.284","true","0","false","9764","9049","9764","6","false","true",
"C","A","20240101","2024","52","2024","842","USA","USA","M","Import","32","ARG","Argentina","0","W00","World","H6","HS","true","8708","Motor vehicles; parts and accessories, of heading no. 8701 to 8705","4","false","C00","TOTAL CPC","0","0","TOTAL MOT","8","kg","475124.697","true","-1","N/A","0","false","475124.697","true","0","false","5571274","5344640","5571274","6","false","true",
"C","A","20240101","2024","52","2024","842","USA","USA","M","Import","36","AUS","Australia","0","W00","World","H6","HS","true","8708","Motor vehicles; parts and accessories, of heading no. 8701 to 8705","4","false","C00","TOTAL CPC","0","0","TOTAL MOT","8","kg","7904302.055","true","-1","N/A","0","false","7904302.055","true","0","false","86813259","83891189","86813259","6","false","true",
"C","A","20240101","2024","52","2024","842","USA","USA","M","Import","40","AUT","Austria","0","W00","World","H6","HS","true","8708","Motor vehicles; parts and accessories, of heading no. 8701 to 8705","4","false","C00","TOTAL CPC","0","0","TOTAL MOT","8","kg","21030411.96","true","-1","N/A","0","false","21030411.96","true","0","false","257517794","250569759","257517794","6","false","true",
"C","A","20240101","2024","52","2024","842","USA","USA","M","Import","44","BHS","Bahamas","0","W00","World","H6","HS","true","8708","Motor vehicles; parts and accessories, of heading no. 8701 to 8705","4","false","C00","TOTAL CPC","0","0","TOTAL MOT","8","kg","209.457","true","-1","N/A","0","false","209.457","true","0","false","3075","3000","3075","6","false","true",
"C","A","20240101","2024","52","2024","842","USA","USA","M","Import","48","BHR","Bahrain","0","W00","World","H6","HS","true","8708","Motor vehicles; parts and accessories, of heading no. 8701 to 8705","4","false","C00","TOTAL CPC","0","0","TOTAL MOT","8","kg","1396.459","true","-1","N/A","0","false","1396.459","true","0","false","28848","28800","28848","6","false","true",
"C","A","20240101","2024","52","2024","842","USA","USA","M","Import","50","BGD","Bangladesh","0","W00","World","H6","HS","true","8708","Motor vehicles; parts and accessories, of heading no. 8701 to 8705","4","false","C00","TOTAL CPC","0","0","TOTAL MOT","8","kg","14914.841","true","-1","N/A","0","false","14914.841","true","0","false","239524","234979","239524","6","false","true",
"C","A","20240101","2024","52","2024","842","USA","USA","M","Import","51","ARM","Armenia","0","W00","World","H6","HS","true","8708","Motor vehicles; parts and accessories, of heading no. 8701 to 8705","4","false","C00","TOTAL CPC","0","0","TOTAL MOT","8","kg","1194.477","true","-1","N/A","0","false","1194.477","true","0","false","19047","14647","19047","6","false","true",
"C","A","20240101","2024","52","2024","842","USA","USA","M","Import","56","BEL","Belgium","0","W00","World","H6","HS","true","8708","Motor vehicles; parts and accessories, of heading no. 8701 to 8705","4","false","C00","TOTAL CPC","0","0","TOTAL MOT","8","kg","3209489.102","true","-1","N/A","0","false","3209489.102","true","0","false","45873606","43606011","45873606","6","false","true",
"C","A","20240101","2024","52","2024","842","USA","USA","M","Import","68","BOL","Bolivia (Plurinational State of)","0","W00","World","H6","HS","true","8708","Motor vehicles; parts and accessories, of heading no. 8701 to 8705","4","false","C00","TOTAL CPC","0","0","TOTAL MOT","8","kg","6420.4","true","-1","N/A","0","false","6420.4","true","0","false","58274","56067","58274","6","false","true",
"C","A","20240101","2024","52","2024","842","USA","USA","M","Import","70","BIH","Bosnia Herzegovina","0","W00","World","H6","HS","true","8708","Motor vehicles; parts and accessories, of heading no. 8701 to 8705","4","false","C00","TOTAL CPC","0","0","TOTAL MOT","8","kg","270449.74","true","-1","N/A","0","false","270449.74","true","0","false","3978520","3876818","3978520","6","false","true",
"C","A","20240101","2024","52","2024","842","USA","USA","M","Import","72","BWA","Botswana","0","W00","World","H6","HS","true","8708","Motor vehicles; parts and accessories, of heading no. 8701 to 8705","4","false","C00","TOTAL CPC","0","0","TOTAL MOT","8","kg","9636.447","true","-1","N/A","0","false","9636.447","true","0","false","176021","170694","176021","6","false","true",
"C","A","20240101","2024","52","2024","842","USA","USA","M","Import","76","BRA","Brazil","0","W00","World","H6","HS","true","8708","Motor vehicles; parts and accessories, of heading no. 8701 to 8705","4","false","C00","TOTAL CPC","0","0","TOTAL MOT","8","kg","33000365.721","true","-1","N/A","0","false","33000365.721","true","0","false","318232491","303285181","318232491","6","false","true",
"C","A","20240101","2024","52","2024","842","USA","USA","M","Import","84","BLZ","Belize","0","W00","World","H6","HS","true","8708","Motor vehicles; parts and accessories, of heading no. 8701 to 8705","4","false","C00","TOTAL CPC","0","0","TOTAL MOT","8","kg","598.181","true","-1","N/A","0","false","598.181","true","0","false","6938","6359","6938","6","false","true",
"C","A","20240101","2024","52","2024","842","USA","USA","M","Import","86","IOT","Br. Indian Ocean Terr.","0","W00","World","H6","HS","true","8708","Motor vehicles; parts and accessories, of heading no. 8701 to 8705","4","false","C00","TOTAL CPC","0","0","TOTAL MOT","8","kg","852.5","true","-1","N/A","0","false","852.5","true","0","false","7643","7569","7643","6","false","true",
"C","A","20240101","2024","52","2024","842","USA","USA","M","Import","90","SLB","Solomon Isds","0","W00","World","H6","HS","true","8708","Motor vehicles; parts and accessories, of heading no. 8701 to 8705","4","false","C00","TOTAL CPC","0","0","TOTAL MOT","8","kg","348.339","true","-1","N/A","0","false","348.339","true","0","false","3123","3074","3123","6","false","true",
"C","A","20240101","2024","52","2024","842","USA","USA","M","Import","96","BRN","Brunei Darussalam","0","W00","World","H6","HS","true","8708","Motor vehicles; parts and accessories, of heading no. 8701 to 8705","4","false","C00","TOTAL CPC","0","0","TOTAL MOT","8","kg","1494","false","8","kg","1494","false","1494","false","0","false","51656","51508","51656","0","false","true",
"C","A","20240101","2024","52","2024","842","USA","USA","M","Import","100","BGR","Bulgaria","0","W00","World","H6","HS","true","8708","Motor vehicles; parts and accessories, of heading no. 8701 to 8705","4","false","C00","TOTAL CPC","0","0","TOTAL MOT","8","kg","914360.67","true","-1","N/A","0","false","914360.67","true","0","false","14815004","14287794","14815004","6","false","true",
"C","A","20240101","2024","52","2024","842","USA","USA","M","Import","104","MMR","Myanmar","0","W00","World","H6","HS","true","8708","Motor vehicles; parts and accessories, of heading no. 8701 to 8705","4","false","C00","TOTAL CPC","0","0","TOTAL MOT","8","kg","32753.439","true","-1","N/A","0","false","32753.439","true","0","false","525954","481532","525954","6","false","true",
"C","A","20240101","2024","52","2024","842","USA","USA","M","Import","116","KHM","Cambodia","0","W00","World","H6","HS","true","8708","Motor vehicles; parts and accessories, of heading no. 8701 to 8705","4","false","C00","TOTAL CPC","0","0","TOTAL MOT","8","kg","482414.678","true","-1","N/A","0","false","482414.678","true","0","false","7649547","7431158","7649547","6","false","true",
"C","A","20240101","2024","52","2024","842","USA","USA","M","Import","120","CMR","Cameroon","0","W00","World","H6","HS","true","8708","Motor vehicles; parts and accessories, of heading no. 8701 to 8705","4","false","C00","TOTAL CPC","0","0","TOTAL MOT","8","kg","900.269","true","-1","N/A","0","false","900.269","true","0","false","5450","4800","5450","6","false","true",
"C","A","20240101","2024","52","2024","842","USA","USA","M","Import","124","CAN","Canada","0","W00","World","H6","HS","true","8708","Motor vehicles; parts and accessories, of heading no. 8701 to 8705","4","false","C00","TOTAL CPC","0","0","TOTAL MOT","8","kg","816922043.24","true","-1","N/A","0","false","816922043.24","true","0","false","11485354932","11326337008","11485354932","6","false","true",
"C","A","20240101","2024","52","2024","842","USA","USA","M","Import","136","CYM","Cayman Isds","0","W00","World","H6","HS","true","8708","Motor vehicles; parts and accessories, of heading no. 8701 to 8705","4","false","C00","TOTAL CPC","0","0","TOTAL MOT","8","kg","329.364","true","-1","N/A","0","false","329.364","true","0","false","5252","4802","5252","6","false","true",
"C","A","20240101","2024","52","2024","842","USA","USA","M","Import","144","LKA","Sri Lanka","0","W00","World","H6","HS","true","8708","Motor vehicles; parts and accessories, of heading no. 8701 to 8705","4","false","C00","TOTAL CPC","0","0","TOTAL MOT","8","kg","181878.808","true","-1","N/A","0","false","181878.808","true","0","false","2070817","1993784","2070817","6","false","true",
"C","A","20240101","2024","52","2024","842","USA","USA","M","Import","152","CHL","Chile","0","W00","World","H6","HS","true","8708","Motor vehicles; parts and accessories, of heading no. 8701 to 8705","4","false","C00","TOTAL CPC","0","0","TOTAL MOT","8","kg","2068468.612","true","-1","N/A","0","false","2068468.612","true","0","false","36188626","35652919","36188626","6","false","true",
"C","A","20240101","2024","52","2024","842","USA","USA","M","Import","156","CHN","China","0","W00","World","H6","HS","true","8708","Motor vehicles; parts and accessories, of heading no. 8701 to 8705","4","false","C00","TOTAL CPC","0","0","TOTAL MOT","8","kg","1009857164.109","true","-1","N/A","0","false","1009857164.109","true","0","false","10112546652","9394041226","10112546652","6","false","true",
"C","A","20240101","2024","52","2024","842","USA","USA","M","Import","166","CCK","Cocos Isds","0","W00","World","H6","HS","true","8708","Motor vehicles; parts and accessories, of heading no. 8701 to 8705","4","false","C00","TOTAL CPC","0","0","TOTAL MOT","8","kg","9381.661","true","-1","N/A","0","false","9381.661","true","0","false","170927","170786","170927","6","false","true",
"C","A","20240101","2024","52","2024","842","USA","USA","M","Import","170","COL","Colombia","0","W00","World","H6","HS","true","8708","Motor vehicles; parts and accessories, of heading no. 8701 to 8705","4","false","C00","TOTAL CPC","0","0","TOTAL MOT","8","kg","1439326.322","true","-1","N/A","0","false","1439326.322","true","0","false","14495360","13767474","14495360","6","false","true",
"C","A","20240101","2024","52","2024","842","USA","USA","M","Import","180","COD","Dem. Rep. of the Congo","0","W00","World","H6","HS","true","8708","Motor vehicles; parts and accessories, of heading no. 8701 to 8705","4","false","C00","TOTAL CPC","0","0","TOTAL MOT","8","kg","1748.914","true","-1","N/A","0","false","1748.914","true","0","false","36129","35577","36129","6","false","true",
"C","A","20240101","2024","52","2024","842","USA","USA","M","Import","188","CRI","Costa Rica","0","W00","World","H6","HS","true","8708","Motor vehicles; parts and accessories, of heading no. 8701 to 8705","4","false","C00","TOTAL CPC","0","0","TOTAL MOT","8","kg","2089595.182","true","-1","N/A","0","false","2089595.182","true","0","false","33186291","32520453","33186291","6","false","true",
"C","A","20240101","2024","52","2024","842","USA","USA","M","Import","191","HRV","Croatia","0","W00","World","H6","HS","true","8708","Motor vehicles; parts and accessories, of heading no. 8701 to 8705","4","false","C00","TOTAL CPC","0","0","TOTAL MOT","8","kg","327467.49","true","-1","N/A","0","false","327467.49","true","0","false","4578795","4384807","4578795","6","false","true",
"C","A","20240101","2024","52","2024","842","USA","USA","M","Import","196","CYP","Cyprus","0","W00","World","H6","HS","true","8708","Motor vehicles; parts and accessories, of heading no. 8701 to 8705","4","false","C00","TOTAL CPC","0","0","TOTAL MOT","8","kg","17741.908","true","-1","N/A","0","false","17741.908","true","0","false","282995","275759","282995","6","false","true",
"C","A","20240101","2024","52","2024","842","USA","USA","M","Import","203","CZE","Czechia","0","W00","World","H6","HS","true","8708","Motor vehicles; parts and accessories, of heading no. 8701 to 8705","4","false","C00","TOTAL CPC","0","0","TOTAL MOT","8","kg","24510488.644","true","-1","N/A","0","false","24510488.644","true","0","false","323067119","313755275","323067119","6","false","true",
"C","A","20240101","2024","52","2024","842","USA","USA","M","Import","208","DNK","Denmark","0","W00","World","H6","HS","true","8708","Motor vehicles; parts and accessories, of heading no. 8701 to 8705","4","false","C00","TOTAL CPC","0","0","TOTAL MOT","8","kg","1420655.452","true","-1","N/A","0","false","1420655.452","true","0","false","18314961","17748456","18314961","6","false","true",
"C","A","20240101","2024","52","2024","842","USA","USA","M","Import","214","DOM","Dominican Rep.","0","W00","World","H6","HS","true","8708","Motor vehicles; parts and accessories, of heading no. 8701 to 8705","4","false","C00","TOTAL CPC","0","0","TOTAL MOT","8","kg","1842869.166","true","-1","N/A","0","false","1842869.166","true","0","false","29227219","28075329","29227219","6","false","true",
"C","A","20240101","2024","52","2024","842","USA","USA","M","Import","218","ECU","Ecuador","0","W00","World","H6","HS","true","8708","Motor vehicles; parts and accessories, of heading no. 8701 to 8705","4","false","C00","TOTAL CPC","0","0","TOTAL MOT","8","kg","15196.49","true","-1","N/A","0","false","15196.49","true","0","false","264921","262987","264921","6","false","true",
"C","A","20240101","2024","52","2024","842","USA","USA","M","Import","222","SLV","El Salvador","0","W00","World","H6","HS","true","8708","Motor vehicles; parts and accessories, of heading no. 8701 to 8705","4","false","C00","TOTAL CPC","0","0","TOTAL MOT","8","kg","2560.595","true","-1","N/A","0","false","2560.595","true","0","false","50162","49197","50162","6","false","true",
"C","A","20240101","2024","52","2024","842","USA","USA","M","Import","232","ERI","Eritrea","0","W00","World","H6","HS","true","8708","Motor vehicles; parts and accessories, of heading no. 8701 to 8705","4","false","C00","TOTAL CPC","0","0","TOTAL MOT","8","kg","936.489","true","-1","N/A","0","false","936.489","true","0","false","8396","8343","8396","6","false","true",
"C","A","20240101","2024","52","2024","842","USA","USA","M","Import","233","EST","Estonia","0","W00","World","H6","HS","true","8708","Motor vehicles; parts and accessories, of heading no. 8701 to 8705","4","false","C00","TOTAL CPC","0","0","TOTAL MOT","8","kg","370264.96","true","-1","N/A","0","false","370264.96","true","0","false","5454436","5320429","5454436","6","false","true",
"C","A","20240101","2024","52","2024","842","USA","USA","M","Import","234","FRO","Faroe Isds","0","W00","World","H6","HS","true","8708","Motor vehicles; parts and accessories, of heading no. 8701 to 8705","4","false","C00","TOTAL CPC","0","0","TOTAL MOT","8","kg","2862.806","true","-1","N/A","0","false","2862.806","true","0","false","45650","41500","45650","6","false","true",
"C","A","20240101","2024","52","2024","842","USA","USA","M","Import","242","FJI","Fiji","0","W00","World","H6","HS","true","8708","Motor vehicles; parts and accessories, of heading no. 8701 to 8705","4","false","C00","TOTAL CPC","0","0","TOTAL MOT","8","kg","153.851","true","-1","N/A","0","false","153.851","true","0","false","2500","2500","2500","6","false","true",
"C","A","20240101","2024","52","2024","842","USA","USA","M","Import","246","FIN","Finland","0","W00","World","H6","HS","true","8708","Motor vehicles; parts and accessories, of heading no. 8701 to 8705","4","false","C00","TOTAL CPC","0","0","TOTAL MOT","8","kg","1641302.391","true","-1","N/A","0","false","1641302.391","true","0","false","23701621","22939976","23701621","6","false","true",
"C","A","20240101","2024","52","2024","842","USA","USA","M","Import","251","FRA","France","0","W00","World","H6","HS","true","8708","Motor vehicles; parts and accessories, of heading no. 8701 to 8705","4","false","C00","TOTAL CPC","0","0","TOTAL MOT","8","kg","20135639.318","true","-1","N/A","0","false","20135639.318","true","0","false","286360567","276985148","286360567","6","false","true",
"C","A","20240101","2024","52","2024","842","USA","USA","M","Import","266","GAB","Gabon","0","W00","World","H6","HS","true","8708","Motor vehicles; parts and accessories, of heading no. 8701 to 8705","4","false","C00","TOTAL CPC","0","0","TOTAL MOT","8","kg","788.848","true","-1","N/A","0","false","788.848","true","0","false","16296","16088","16296","6","false","true",
"C","A","20240101","2024","52","2024","842","USA","USA","M","Import","268","GEO","Georgia","0","W00","World","H6","HS","true","8708","Motor vehicles; parts and accessories, of heading no. 8701 to 8705","4","false","C00","TOTAL CPC","0","0","TOTAL MOT","8","kg","488092.767","true","-1","N/A","0","false","488092.767","true","0","false","7204182","6994070","7204182","6","false","true",
"C","A","20240101","2024","52","2024","842","USA","USA","M","Import","275","PSE","State of Palestine","0","W00","World","H6","HS","true","8708","Motor vehicles; parts and accessories, of heading no. 8701 to 8705","4","false","C00","TOTAL CPC","0","0","TOTAL MOT","8","kg","505.713","true","-1","N/A","0","false","505.713","true","0","false","10447","10241","10447","6","false","true",
"C","A","20240101","2024","52","2024","842","USA","USA","M","Import","276","DEU","Germany","0","W00","World","H6","HS","true","8708","Motor vehicles; parts and accessories, of heading no. 8701 to 8705","4","false","C00","TOTAL CPC","0","0","TOTAL MOT","8","kg","383330392.637","true","-1","N/A","0","false","383330392.637","true","0","false","5506569462","5388686257","5506569462","6","false","true",
"C","A","20240101","2024","52","2024","842","USA","USA","M","Import","288","GHA","Ghana","0","W00","World","H6","HS","true","8708","Motor vehicles; parts and accessories, of heading no. 8701 to 8705","4","false","C00","TOTAL CPC","0","0","TOTAL MOT","8","kg","12231.897","true","-1","N/A","0","false","12231.897","true","0","false","163263","158538","163263","6","false","true",
"C","A","20240101","2024","52","2024","842","USA","USA","M","Import","296","KIR","Kiribati","0","W00","World","H6","HS","true","8708","Motor vehicles; parts and accessories, of heading no. 8701 to 8705","4","false","C00","TOTAL CPC","0","0","TOTAL MOT","8","kg","180.793","true","-1","N/A","0","false","180.793","true","0","false","2896","2856","2896","6","false","true",
"C","A","20240101","2024","52","2024","842","USA","USA","M","Import","300","GRC","Greece","0","W00","World","H6","HS","true","8708","Motor vehicles; parts and accessories, of heading no. 8701 to 8705","4","false","C00","TOTAL CPC","0","0","TOTAL MOT","8","kg","366264.482","true","-1","N/A","0","false","366264.482","true","0","false","5381839","4894580","5381839","6","false","true",
"C","A","20240101","2024","52","2024","842","USA","USA","M","Import","320","GTM","Guatemala","0","W00","World","H6","HS","true","8708","Motor vehicles; parts and accessories, of heading no. 8701 to 8705","4","false","C00","TOTAL CPC","0","0","TOTAL MOT","8","kg","376.333","true","-1","N/A","0","false","376.333","true","0","false","8232","7700","8232","6","false","true",
"C","A","20240101","2024","52","2024","842","USA","USA","M","Import","324","GIN","Guinea","0","W00","World","H6","HS","true","8708","Motor vehicles; parts and accessories, of heading no. 8701 to 8705","4","false","C00","TOTAL CPC","0","0","TOTAL MOT","8","kg","46012.764","true","-1","N/A","0","false","46012.764","true","0","false","474504","461326","474504","6","false","true",
"C","A","20240101","2024","52","2024","842","USA","USA","M","Import","340","HND","Honduras","0","W00","World","H6","HS","true","8708","Motor vehicles; parts and accessories, of heading no. 8701 to 8705","4","false","C00","TOTAL CPC","0","0","TOTAL MOT","8","kg","3181484.158","true","-1","N/A","0","false","3181484.158","true","0","false","47498598","46802700","47498598","6","false","true",
"C","A","20240101","2024","52","2024","842","USA","USA","M","Import","344","HKG","China, Hong Kong SAR","0","W00","World","H6","HS","true","8708","Motor vehicles; parts and accessories, of heading no. 8701 to 8705","4","false","C00","TOTAL CPC","0","0","TOTAL MOT","8","kg","151574.399","true","-1","N/A","0","false","151574.399","true","0","false","1728352","1616448","1728352","6","false","true",
"C","A","20240101","2024","52","2024","842","USA","USA","M","Import","348","HUN","Hungary","0","W00","World","H6","HS","true","8708","Motor vehicles; parts and accessories, of heading no. 8701 to 8705","4","false","C00","TOTAL CPC","0","0","TOTAL MOT","8","kg","30981334.616","true","-1","N/A","0","false","30981334.616","true","0","false","328612886","318933725","328612886","6","false","true",
"C","A","20240101","2024","52","2024","842","USA","USA","M","Import","352","ISL","Iceland","0","W00","World","H6","HS","true","8708","Motor vehicles; parts and accessories, of heading no. 8701 to 8705","4","false","C00","TOTAL CPC","0","0","TOTAL MOT","8","kg","5400.291","true","-1","N/A","0","false","5400.291","true","0","false","34283","33421","34283","6","false","true",
"C","A","20240101","2024","52","2024","842","USA","USA","M","Import","360","IDN","Indonesia","0","W00","World","H6","HS","true","8708","Motor vehicles; parts and accessories, of heading no. 8701 to 8705","4","false","C00","TOTAL CPC","0","0","TOTAL MOT","8","kg","12198238.547","true","-1","N/A","0","false","12198238.547","true","0","false","156596763","147061074","156596763","6","false","true",
"C","A","20240101","2024","52","2024","842","USA","USA","M","Import","372","IRL","Ireland","0","W00","World","H6","HS","true","8708","Motor vehicles; parts and accessories, of heading no. 8701 to 8705","4","false","C00","TOTAL CPC","0","0","TOTAL MOT","8","kg","538896.158","true","-1","N/A","0","false","538896.158","true","0","false","7986169","7652740","7986169","6","false","true",
"C","A","20240101","2024","52","2024","842","USA","USA","M","Import","376","ISR","Israel","0","W00","World","H6","HS","true","8708","Motor vehicles; parts and accessories, of heading no. 8701 to 8705","4","false","C00","TOTAL CPC","0","0","TOTAL MOT","8","kg","4676865.455","true","-1","N/A","0","false","4676865.455","true","0","false","70758707","69766262","70758707","6","false","true",
"C","A","20240101","2024","52","2024","842","USA","USA","M","Import","380","ITA","Italy","0","W00","World","H6","HS","true","8708","Motor vehicles; parts and accessories, of heading no. 8701 to 8705","4","false","C00","TOTAL CPC","0","0","TOTAL MOT","8","kg","65582649.275","true","-1","N/A","0","false","65582649.275","true","0","false","804402776","777937888","804402776","6","false","true",
"C","A","20240101","2024","52","2024","842","USA","USA","M","Import","384","CIV","Côte d'Ivoire","0","W00","World","H6","HS","true","8708","Motor vehicles; parts and accessories, of heading no. 8701 to 8705","4","false","C00","TOTAL CPC","0","0","TOTAL MOT","8","kg","96836.938","true","-1","N/A","0","false","96836.938","true","0","false","1826870","1797613","1826870","6","false","true",
"C","A","20240101","2024","52","2024","842","USA","USA","M","Import","388","JAM","Jamaica","0","W00","World","H6","HS","true","8708","Motor vehicles; parts and accessories, of heading no. 8701 to 8705","4","false","C00","TOTAL CPC","0","0","TOTAL MOT","8","kg","549.427","true","-1","N/A","0","false","549.427","true","0","false","6762","6686","6762","6","false","true",
"C","A","20240101","2024","52","2024","842","USA","USA","M","Import","392","JPN","Japan","0","W00","World","H6","HS","true","8708","Motor vehicles; parts and accessories, of heading no. 8701 to 8705","4","false","C00","TOTAL CPC","0","0","TOTAL MOT","8","kg","512263664.382","true","-1","N/A","0","false","512263664.382","true","0","false","7426315699","7194371403","7426315699","6","false","true",
"C","A","20240101","2024","52","2024","842","USA","USA","M","Import","398","KAZ","Kazakhstan","0","W00","World","H6","HS","true","8708","Motor vehicles; parts and accessories, of heading no. 8701 to 8705","4","false","C00","TOTAL CPC","0","0","TOTAL MOT","8","kg","140621.998","true","-1","N/A","0","false","140621.998","true","0","false","2186208","2110337","2186208","6","false","true",
"C","A","20240101","2024","52","2024","842","USA","USA","M","Import","400","JOR","Jordan","0","W00","World","H6","HS","true","8708","Motor vehicles; parts and accessories, of heading no. 8701 to 8705","4","false","C00","TOTAL CPC","0","0","TOTAL MOT","8","kg","476663.181","true","-1","N/A","0","false","476663.181","true","0","false","7628177","7213349","7628177","6","false","true",
"C","A","20240101","2024","52","2024","842","USA","USA","M","Import","410","KOR","Rep. of Korea","0","W00","World","H6","HS","true","8708","Motor vehicles; parts and accessories, of heading no. 8701 to 8705","4","false","C00","TOTAL CPC","0","0","TOTAL MOT","8","kg","506841696.353","true","-1","N/A","0","false","506841696.353","true","0","false","6673666454","6416641872","6673666454","6","false","true",
"C","A","20240101","2024","52","2024","842","USA","USA","M","Import","417","KGZ","Kyrgyzstan","0","W00","World","H6","HS","true","8708","Motor vehicles; parts and accessories, of heading no. 8701 to 8705","4","false","C00","TOTAL CPC","0","0","TOTAL MOT","8","kg","236430.553","true","-1","N/A","0","false","236430.553","true","0","false","4116118","3982101","4116118","6","false","true",
"C","A","20240101","2024","52","2024","842","USA","USA","M","Import","422","LBN","Lebanon","0","W00","World","H6","HS","true","8708","Motor vehicles; parts and accessories, of heading no. 8701 to 8705","4","false","C00","TOTAL CPC","0","0","TOTAL MOT","8","kg","48424.055","true","-1","N/A","0","false","48424.055","true","0","false","297613","281032","297613","6","false","true",
"C","A","20240101","2024","52","2024","842","USA","USA","M","Import","428","LVA","Latvia","0","W00","World","H6","HS","true","8708","Motor vehicles; parts and accessories, of heading no. 8701 to 8705","4","false","C00","TOTAL CPC","0","0","TOTAL MOT","8","kg","421431.588","true","-1","N/A","0","false","421431.588","true","0","false","3576744","3420746","3576744","6","false","true",
"C","A","20240101","2024","52","2024","842","USA","USA","M","Import","434","LBY","Libya","0","W00","World","H6","HS","true","8708","Motor vehicles; parts and accessories, of heading no. 8701 to 8705","4","false","C00","TOTAL CPC","0","0","TOTAL MOT","8","kg","574.208","true","-1","N/A","0","false","574.208","true","0","false","5148","5073","5148","6","false","true",
"C","A","20240101","2024","52","2024","842","USA","USA","M","Import","440","LTU","Lithuania","0","W00","World","H6","HS","true","8708","Motor vehicles; parts and accessories, of heading no. 8701 to 8705","4","false","C00","TOTAL CPC","0","0","TOTAL MOT","8","kg","304940.174","true","-1","N/A","0","false","304940.174","true","0","false","5678217","5415434","5678217","6","false","true",
"C","A","20240101","2024","52","2024","842","USA","USA","M","Import","442","LUX","Luxembourg","0","W00","World","H6","HS","true","8708","Motor vehicles; parts and accessories, of heading no. 8701 to 8705","4","false","C00","TOTAL CPC","0","0","TOTAL MOT","8","kg","937142.109","true","-1","N/A","0","false","937142.109","true","0","false","10442135","10134278","10442135","6","false","true",
"C","A","20240101","2024","52","2024","842","USA","USA","M","Import","446","MAC","China, Macao SAR","0","W00","World","H6","HS","true","8708","Motor vehicles; parts and accessories, of heading no. 8701 to 8705","4","false","C00","TOTAL CPC","0","0","TOTAL MOT","8","kg","13873.976","true","-1","N/A","0","false","13873.976","true","0","false","98225","97495","98225","6","false","true",
"C","A","20240101","2024","52","2024","842","USA","USA","M","Import","450","MDG","Madagascar","0","W00","World","H6","HS","true","8708","Motor vehicles; parts and accessories, of heading no. 8701 to 8705","4","false","C00","TOTAL CPC","0","0","TOTAL MOT","8","kg","523.478","true","-1","N/A","0","false","523.478","true","0","false","10814","10386","10814","6","false","true",
"C","A","20240101","2024","52","2024","842","USA","USA","M","Import","458","MYS","Malaysia","0","W00","World","H6","HS","true","8708","Motor vehicles; parts and accessories, of heading no. 8701 to 8705","4","false","C00","TOTAL CPC","0","0","TOTAL MOT","8","kg","9221580.611","true","-1","N/A","0","false","9221580.611","true","0","false","105765637","100519338","105765637","6","false","true",
"C","A","20240101","2024","52","2024","842","USA","USA","M","Import","462","MDV","Maldives","0","W00","World","H6","HS","true","8708","Motor vehicles; parts and accessories, of heading no. 8701 to 8705","4","false","C00","TOTAL CPC","0","0","TOTAL MOT","8","kg","8559.6","true","-1","N/A","0","false","8559.6","true","0","false","193606","193406","193606","6","false","true",
"C","A","20240101","2024","52","2024","842","USA","USA","M","Import","466","MLI","Mali","0","W00","World","H6","HS","true","8708","Motor vehicles; parts and accessories, of heading no. 8701 to 8705","4","false","C00","TOTAL CPC","0","0","TOTAL MOT","8","kg","9161.141","true","-1","N/A","0","false","9161.141","true","0","false","157457","152681","157457","6","false","true",
"C","A","20240101","2024","52","2024","842","USA","USA","M","Import","470","MLT","Malta","0","W00","World","H6","HS","true","8708","Motor vehicles; parts and accessories, of heading no. 8701 to 8705","4","false","C00","TOTAL CPC","0","0","TOTAL MOT","8","kg","413541.864","true","-1","N/A","0","false","413541.864","true","0","false","3732686","3456561","3732686","6","false","true",
"C","A","20240101","2024","52","2024","842","USA","USA","M","Import","484","MEX","Mexico","0","W00","World","H6","HS","true","8708","Motor vehicles; parts and accessories, of heading no. 8701 to 8705","4","false","C00","TOTAL CPC","0","0","TOTAL MOT","8","kg","2784559593.152","true","-1","N/A","0","false","2784559593.152","true","0","false","36414839311","36171503152","36414839311","6","false","true",
"C","A","20240101","2024","52","2024","842","USA","USA","M","Import","490","S19","Other Asia, nes","0","W00","World","H6","HS","true","8708","Motor vehicles; parts and accessories, of heading no. 8701 to 8705","4","false","C00","TOTAL CPC","0","0","TOTAL MOT","8","kg","145475590.542","true","-1","N/A","0","false","145475590.542","true","0","false","2021959298","1883450221","2021959298","6","false","true",
"C","A","20240101","2024","52","2024","842","USA","USA","M","Import","496","MNG","Mongolia","0","W00","World","H6","HS","true","8708","Motor vehicles; parts and accessories, of heading no. 8701 to 8705","4","false","C00","TOTAL CPC","0","0","TOTAL MOT","8","kg","21578.555","true","-1","N/A","0","false","21578.555","true","0","false","368178","350963","368178","6","false","true",
"C","A","20240101","2024","52","2024","842","USA","USA","M","Import","498","MDA","Rep. of Moldova","0","W00","World","H6","HS","true","8708","Motor vehicles; parts and accessories, of heading no. 8701 to 8705","4","false","C00","TOTAL CPC","0","0","TOTAL MOT","8","kg","12860.929","true","-1","N/A","0","false","12860.929","true","0","false","201552","198174","201552","6","false","true",
"C","A","20240101","2024","52","2024","842","USA","USA","M","Import","499","MNE","Montenegro","0","W00","World","H6","HS","true","8708","Motor vehicles; parts and accessories, of heading no. 8701 to 8705","4","false","C00","TOTAL CPC","0","0","TOTAL MOT","8","kg","121593.171","true","-1","N/A","0","false","121593.171","true","0","false","813209","803815","813209","6","false","true",
"C","A","20240101","2024","52","2024","842","USA","USA","M","Import","500","MSR","Montserrat","0","W00","World","H6","HS","true","8708","Motor vehicles; parts and accessories, of heading no. 8701 to 8705","4","false","C00","TOTAL CPC","0","0","TOTAL MOT","8","kg","9001.832","true","-1","N/A","0","false","9001.832","true","0","false","64084","63081","64084","6","false","true",
"C","A","20240101","2024","52","2024","842","USA","USA","M","Import","504","MAR","Morocco","0","W00","World","H6","HS","true","8708","Motor vehicles; parts and accessories, of heading no. 8701 to 8705","4","false","C00","TOTAL CPC","0","0","TOTAL MOT","8","kg","19524576.818","true","-1","N/A","0","false","19524576.818","true","0","false","136835113","130754206","136835113","6","false","true",
"C","A","20240101","2024","52","2024","842","USA","USA","M","Import","508","MOZ","Mozambique","0","W00","World","H6","HS","true","8708","Motor vehicles; parts and accessories, of heading no. 8701 to 8705","4","false","C00","TOTAL CPC","0","0","TOTAL MOT","8","kg","12763.835","true","-1","N/A","0","false","12763.835","true","0","false","204940","198806","204940","6","false","true",
"C","A","20240101","2024","52","2024","842","USA","USA","M","Import","512","OMN","Oman","0","W00","World","H6","HS","true","8708","Motor vehicles; parts and accessories, of heading no. 8701 to 8705","4","false","C00","TOTAL CPC","0","0","TOTAL MOT","8","kg","767432.88","true","-1","N/A","0","false","767432.88","true","0","false","4792436","4427185","4792436","6","false","true",
"C","A","20240101","2024","52","2024","842","USA","USA","M","Import","516","NAM","Namibia","0","W00","World","H6","HS","true","8708","Motor vehicles; parts and accessories, of heading no. 8701 to 8705","4","false","C00","TOTAL CPC","0","0","TOTAL MOT","8","kg","6959.449","true","-1","N/A","0","false","6959.449","true","0","false","133794","130034","133794","6","false","true",
"C","A","20240101","2024","52","2024","842","USA","USA","M","Import","520","NRU","Nauru","0","W00","World","H6","HS","true","8708","Motor vehicles; parts and accessories, of heading no. 8701 to 8705","4","false","C00","TOTAL CPC","0","0","TOTAL MOT","8","kg","305.731","true","-1","N/A","0","false","305.731","true","0","false","2741","2543","2741","6","false","true",
"C","A","20240101","2024","52","2024","842","USA","USA","M","Import","524","NPL","Nepal","0","W00","World","H6","HS","true","8708","Motor vehicles; parts and accessories, of heading no. 8701 to 8705","4","false","C00","TOTAL CPC","0","0","TOTAL MOT","8","kg","1272.364","true","-1","N/A","0","false","1272.364","true","0","false","13417","12674","13417","6","false","true",
"C","A","20240101","2024","52","2024","842","USA","USA","M","Import","528","NLD","Netherlands","0","W00","World","H6","HS","true","8708","Motor vehicles; parts and accessories, of heading no. 8701 to 8705","4","false","C00","TOTAL CPC","0","0","TOTAL MOT","8","kg","8511116.955","true","-1","N/A","0","false","8511116.955","true","0","false","110619202","107822228","110619202","6","false","true",
"C","A","20240101","2024","52","2024","842","USA","USA","M","Import","531","CUW","Curaçao","0","W00","World","H6","HS","true","8708","Motor vehicles; parts and accessories, of heading no. 8701 to 8705","4","false","C00","TOTAL CPC","0","0","TOTAL MOT","8","kg","1899.288","true","-1","N/A","0","false","1899.288","true","0","false","20884","20624","20884","6","false","true",
"C","A","20240101","2024","52","2024","842","USA","USA","M","Import","534","SXM","Sint Maarten","0","W00","World","H6","HS","true","8708","Motor vehicles; parts and accessories, of heading no. 8701 to 8705","4","false","C00","TOTAL CPC","0","0","TOTAL MOT","8","kg","121.067","true","-1","N/A","0","false","121.067","true","0","false","2501","2500","2501","6","false","true",
"C","A","20240101","2024","52","2024","842","USA","USA","M","Import","540","NCL","New Caledonia","0","W00","World","H6","HS","true","8708","Motor vehicles; parts and accessories, of heading no. 8701 to 8705","4","false","C00","TOTAL CPC","0","0","TOTAL MOT","8","kg","18808.313","true","-1","N/A","0","false","18808.313","true","0","false","278124","269980","278124","6","false","true",
"C","A","20240101","2024","52","2024","842","USA","USA","M","Import","554","NZL","New Zealand","0","W00","World","H6","HS","true","8708","Motor vehicles; parts and accessories, of heading no. 8701 to 8705","4","false","C00","TOTAL CPC","0","0","TOTAL MOT","8","kg","526467.552","true","-1","N/A","0","false","526467.552","true","0","false","8705288","8570149","8705288","6","false","true",
"C","A","20240101","2024","52","2024","842","USA","USA","M","Import","558","NIC","Nicaragua","0","W00","World","H6","HS","true","8708","Motor vehicles; parts and accessories, of heading no. 8701 to 8705","4","false","C00","TOTAL CPC","0","0","TOTAL MOT","8","kg","928.766","true","-1","N/A","0","false","928.766","true","0","false","14810","12570","14810","6","false","true",
"C","A","20240101","2024","52","2024","842","USA","USA","M","Import","562","NER","Niger","0","W00","World","H6","HS","true","8708","Motor vehicles; parts and accessories, of heading no. 8701 to 8705","4","false","C00","TOTAL CPC","0","0","TOTAL MOT","8","kg","192.84","true","-1","N/A","0","false","192.84","true","0","false","3075","3000","3075","6","false","true",
"C","A","20240101","2024","52","2024","842","USA","USA","M","Import","574","NFK","Norfolk Isds","0","W00","World","H6","HS","true","8708","Motor vehicles; parts and accessories, of heading no. 8701 to 8705","4","false","C00","TOTAL CPC","0","0","TOTAL MOT","8","kg","1720.205","true","-1","N/A","0","false","1720.205","true","0","false","25254","25046","25254","6","false","true",
"C","A","20240101","2024","52","2024","842","USA","USA","M","Import","579","NOR","Norway","0","W00","World","H6","HS","true","8708","Motor vehicles; parts and accessories, of heading no. 8701 to 8705","4","false","C00","TOTAL CPC","0","0","TOTAL MOT","8","kg","683844.663","true","-1","N/A","0","false","683844.663","true","0","false","9632119","9117562","9632119","6","false","true",
"C","A","20240101","2024","52","2024","842","USA","USA","M","Import","586","PAK","Pakistan","0","W00","World","H6","HS","true","8708","Motor vehicles; parts and accessories, of heading no. 8701 to 8705","4","false","C00","TOTAL CPC","0","0","TOTAL MOT","8","kg","850897.513","true","-1","N/A","0","false","850897.513","true","0","false","3519636","3246273","3519636","6","false","true",
"C","A","20240101","2024","52","2024","842","USA","USA","M","Import","591","PAN","Panama","0","W00","World","H6","HS","true","8708","Motor vehicles; parts and accessories, of heading no. 8701 to 8705","4","false","C00","TOTAL CPC","0","0","TOTAL MOT","8","kg","40056.756","true","-1","N/A","0","false","40056.756","true","0","false","773420","769198","773420","6","false","true",
"C","A","20240101","2024","52","2024","842","USA","USA","M","Import","598","PNG","Papua New Guinea","0","W00","World","H6","HS","true","8708","Motor vehicles; parts and accessories, of heading no. 8701 to 8705","4","false","C00","TOTAL CPC","0","0","TOTAL MOT","8","kg","3229.985","true","-1","N/A","0","false","3229.985","true","0","false","51505","47475","51505","6","false","true",
"C","A","20240101","2024","52","2024","842","USA","USA","M","Import","600","PRY","Paraguay","0","W00","World","H6","HS","true","8708","Motor vehicles; parts and accessories, of heading no. 8701 to 8705","4","false","C00","TOTAL CPC","0","0","TOTAL MOT","8","kg","4888.673","true","-1","N/A","0","false","4888.673","true","0","false","54353","53265","54353","6","false","true",
"C","A","20240101","2024","52","2024","842","USA","USA","M","Import","604","PER","Peru","0","W00","World","H6","HS","true","8708","Motor vehicles; parts and accessories, of heading no. 8701 to 8705","4","false","C00","TOTAL CPC","0","0","TOTAL MOT","8","kg","2183813.625","true","-1","N/A","0","false","2183813.625","true","0","false","28786236","28155413","28786236","6","false","true",
"C","A","20240101","2024","52","2024","842","USA","USA","M","Import","608","PHL","Philippines","0","W00","World","H6","HS","true","8708","Motor vehicles; parts and accessories, of heading no. 8701 to 8705","4","false","C00","TOTAL CPC","0","0","TOTAL MOT","8","kg","2939263.318","true","-1","N/A","0","false","2939263.318","true","0","false","43137288","39475670","43137288","6","false","true",
"C","A","20240101","2024","52","2024","842","USA","USA","M","Import","616","POL","Poland","0","W00","World","H6","HS","true","8708","Motor vehicles; parts and accessories, of heading no. 8701 to 8705","4","false","C00","TOTAL CPC","0","0","TOTAL MOT","8","kg","58138080.997","true","-1","N/A","0","false","58138080.997","true","0","false","663803506","642798710","663803506","6","false","true",
"C","A","20240101","2024","52","2024","842","USA","USA","M","Import","620","PRT","Portugal","0","W00","World","H6","HS","true","8708","Motor vehicles; parts and accessories, of heading no. 8701 to 8705","4","false","C00","TOTAL CPC","0","0","TOTAL MOT","8","kg","960430.407","true","-1","N/A","0","false","960430.407","true","0","false","10971986","10489537","10971986","6","false","true",
"C","A","20240101","2024","52","2024","842","USA","USA","M","Import","634","QAT","Qatar","0","W00","World","H6","HS","true","8708","Motor vehicles; parts and accessories, of heading no. 8701 to 8705","4","false","C00","TOTAL CPC","0","0","TOTAL MOT","8","kg","885.648","true","-1","N/A","0","false","885.648","true","0","false","13679","13229","13679","6","false","true",
"C","A","20240101","2024","52","2024","842","USA","USA","M","Import","642","ROU","Romania","0","W00","World","H6","HS","true","8708","Motor vehicles; parts and accessories, of heading no. 8701 to 8705","4","false","C00","TOTAL CPC","0","0","TOTAL MOT","8","kg","13245139.081","true","-1","N/A","0","false","13245139.081","true","0","false","202547984","197962583","202547984","6","false","true",
"C","A","20240101","2024","52","2024","842","USA","USA","M","Import","643","RUS","Russian Federation","0","W00","World","H6","HS","true","8708","Motor vehicles; parts and accessories, of heading no. 8701 to 8705","4","false","C00","TOTAL CPC","0","0","TOTAL MOT","8","kg","20121.746","true","-1","N/A","0","false","20121.746","true","0","false","296252","243442","296252","6","false","true",
"C","A","20240101","2024","52","2024","842","USA","USA","M","Import","646","RWA","Rwanda","0","W00","World","H6","HS","true","8708","Motor vehicles; parts and accessories, of heading no. 8701 to 8705","4","false","C00","TOTAL CPC","0","0","TOTAL MOT","8","kg","1207.96","true","-1","N/A","0","false","1207.96","true","0","false","24954","24470","24954","6","false","true",
"C","A","20240101","2024","52","2024","842","USA","USA","M","Import","670","VCT","Saint Vincent and the Grenadines","0","W00","World","H6","HS","true","8708","Motor vehicles; parts and accessories, of heading no. 8701 to 8705","4","false","C00","TOTAL CPC","0","0","TOTAL MOT","8","kg","581.204","true","-1","N/A","0","false","581.204","true","0","false","13146","12496","13146","6","false","true",
"C","A","20240101","2024","52","2024","842","USA","USA","M","Import","674","SMR","San Marino","0","W00","World","H6","HS","true","8708","Motor vehicles; parts and accessories, of heading no. 8701 to 8705","4","false","C00","TOTAL CPC","0","0","TOTAL MOT","8","kg","9659.592","true","-1","N/A","0","false","9659.592","true","0","false","27962","26831","27962","6","false","true",
"C","A","20240101","2024","52","2024","842","USA","USA","M","Import","678","STP","Sao Tome and Principe","0","W00","World","H6","HS","true","8708","Motor vehicles; parts and accessories, of heading no. 8701 to 8705","4","false","C00","TOTAL CPC","0","0","TOTAL MOT","8","kg","498.338","true","-1","N/A","0","false","498.338","true","0","false","7316","7195","7316","6","false","true",
"C","A","20240101","2024","52","2024","842","USA","USA","M","Import","682","SAU","Saudi Arabia","0","W00","World","H6","HS","true","8708","Motor vehicles; parts and accessories, of heading no. 8701 to 8705","4","false","C00","TOTAL CPC","0","0","TOTAL MOT","8","kg","9362.685","true","-1","N/A","0","false","9362.685","true","0","false","177486","164239","177486","6","false","true",
"C","A","20240101","2024","52","2024","842","USA","USA","M","Import","686","SEN","Senegal","0","W00","World","H6","HS","true","8708","Motor vehicles; parts and accessories, of heading no. 8701 to 8705","4","false","C00","TOTAL CPC","0","0","TOTAL MOT","8","kg","24906.675","true","-1","N/A","0","false","24906.675","true","0","false","455205","439502","455205","6","false","true",
"C","A","20240101","2024","52","2024","842","USA","USA","M","Import","688","SRB","Serbia","0","W00","World","H6","HS","true","8708","Motor vehicles; parts and accessories, of heading no. 8701 to 8705","4","false","C00","TOTAL CPC","0","0","TOTAL MOT","8","kg","2339726.359","true","-1","N/A","0","false","2339726.359","true","0","false","34813173","33912066","34813173","6","false","true",
"C","A","20240101","2024","52","2024","842","USA","USA","M","Import","690","SYC","Seychelles","0","W00","World","H6","HS","true","8708","Motor vehicles; parts and accessories, of heading no. 8701 to 8705","4","false","C00","TOTAL CPC","0","0","TOTAL MOT","8","kg","12230.741","true","-1","N/A","0","false","12230.741","true","0","false","108180","107780","108180","6","false","true",
"C","A","20240101","2024","52","2024","842","USA","USA","M","Import","694","SLE","Sierra Leone","0","W00","World","H6","HS","true","8708","Motor vehicles; parts and accessories, of heading no. 8701 to 8705","4","false","C00","TOTAL CPC","0","0","TOTAL MOT","8","kg","28338.369","true","-1","N/A","0","false","28338.369","true","0","false","432139","426186","432139","6","false","true",
"C","A","20240101","2024","52","2024","842","USA","USA","M","Import","699","IND","India","0","W00","World","H6","HS","true","8708","Motor vehicles; parts and accessories, of heading no. 8701 to 8705","4","false","C00","TOTAL CPC","0","0","TOTAL MOT","8","kg","207223601.309","true","-1","N/A","0","false","207223601.309","true","0","false","2094466326","1981072068","2094466326","6","false","true",
"C","A","20240101","2024","52","2024","842","USA","USA","M","Import","702","SGP","Singapore","0","W00","World","H6","HS","true","8708","Motor vehicles; parts and accessories, of heading no. 8701 to 8705","4","false","C00","TOTAL CPC","0","0","TOTAL MOT","8","kg","2631693.98","true","-1","N/A","0","false","2631693.98","true","0","false","35308415","33873166","35308415","6","false","true",
"C","A","20240101","2024","52","2024","842","USA","USA","M","Import","703","SVK","Slovakia","0","W00","World","H6","HS","true","8708","Motor vehicles; parts and accessories, of heading no. 8701 to 8705","4","false","C00","TOTAL CPC","0","0","TOTAL MOT","8","kg","10154386.294","true","-1","N/A","0","false","10154386.294","true","0","false","132489742","128310782","132489742","6","false","true",
"C","A","20240101","2024","52","2024","842","USA","USA","M","Import","704","VNM","Viet Nam","0","W00","World","H6","HS","true","8708","Motor vehicles; parts and accessories, of heading no. 8701 to 8705","4","false","C00","TOTAL CPC","0","0","TOTAL MOT","8","kg","53654230.595","true","-1","N/A","0","false","53654230.595","true","0","false","645405447","622668263","645405447","6","false","true",
"C","A","20240101","2024","52","2024","842","USA","USA","M","Import","705","SVN","Slovenia","0","W00","World","H6","HS","true","8708","Motor vehicles; parts and accessories, of heading no. 8701 to 8705","4","false","C00","TOTAL CPC","0","0","TOTAL MOT","8","kg","2039645.201","true","-1","N/A","0","false","2039645.201","true","0","false","29323222","28196143","29323222","6","false","true",
"C","A","20240101","2024","52","2024","842","USA","USA","M","Import","706","SOM","Somalia","0","W00","World","H6","HS","true","8708","Motor vehicles; parts and accessories, of heading no. 8701 to 8705","4","false","C00","TOTAL CPC","0","0","TOTAL MOT","8","kg","34439.728","true","-1","N/A","0","false","34439.728","true","0","false","522439","481225","522439","6","false","true",
"C","A","20240101","2024","52","2024","842","USA","USA","M","Import","710","ZAF","South Africa","0","W00","World","H6","HS","true","8708","Motor vehicles; parts and accessories, of heading no. 8701 to 8705","4","false","C00","TOTAL CPC","0","0","TOTAL MOT","8","kg","4643600.488","true","-1","N/A","0","false","4643600.488","true","0","false","70841902","67884270","70841902","6","false","true",
"C","A","20240101","2024","52","2024","842","USA","USA","M","Import","724","ESP","Spain","0","W00","World","H6","HS","true","8708","Motor vehicles; parts and accessories, of heading no. 8701 to 8705","4","false","C00","TOTAL CPC","0","0","TOTAL MOT","8","kg","18552238.389","true","-1","N/A","0","false","18552238.389","true","0","false","226253930","216224280","226253930","6","false","true",
"C","A","20240101","2024","52","2024","842","USA","USA","M","Import","740","SUR","Suriname","0","W00","World","H6","HS","true","8708","Motor vehicles; parts and accessories, of heading no. 8701 to 8705","4","false","C00","TOTAL CPC","0","0","TOTAL MOT","8","kg","116689.574","true","-1","N/A","0","false","116689.574","true","0","false","1737542","1707424","1737542","6","false","true",
"C","A","20240101","2024","52","2024","842","USA","USA","M","Import","748","SWZ","Eswatini","0","W00","World","H6","HS","true","8708","Motor vehicles; parts and accessories, of heading no. 8701 to 8705","4","false","C00","TOTAL CPC","0","0","TOTAL MOT","8","kg","807.543","true","-1","N/A","0","false","807.543","true","0","false","12877","12427","12877","6","false","true",
"C","A","20240101","2024","52","2024","842","USA","USA","M","Import","752","SWE","Sweden","0","W00","World","H6","HS","true","8708","Motor vehicles; parts and accessories, of heading no. 8701 to 8705","4","false","C00","TOTAL CPC","0","0","TOTAL MOT","8","kg","13173235.905","true","-1","N/A","0","false","13173235.905","true","0","false","182458504","174894099","182458504","6","false","true",
"C","A","20240101","2024","52","2024","842","USA","USA","M","Import","757","CHE","Switzerland","0","W00","World","H6","HS","true","8708","Motor vehicles; parts and accessories, of heading no. 8701 to 8705","4","false","C00","TOTAL CPC","0","0","TOTAL MOT","8","kg","3532202.7","true","-1","N/A","0","false","3532202.7","true","0","false","44960416","43511823","44960416","6","false","true",
"C","A","20240101","2024","52","2024","842","USA","USA","M","Import","762","TJK","Tajikistan","0","W00","World","H6","HS","true","8708","Motor vehicles; parts and accessories, of heading no. 8701 to 8705","4","false","C00","TOTAL CPC","0","0","TOTAL MOT","8","kg","543.757","true","-1","N/A","0","false","543.757","true","0","false","4875","4800","4875","6","false","true",
"C","A","20240101","2024","52","2024","842","USA","USA","M","Import","764","THA","Thailand","0","W00","World","H6","HS","true","8708","Motor vehicles; parts and accessories, of heading no. 8701 to 8705","4","false","C00","TOTAL CPC","0","0","TOTAL MOT","8","kg","128340585.277","true","-1","N/A","0","false","128340585.277","true","0","false","1290100840","1216811310","1290100840","6","false","true",
"C","A","20240101","2024","52","2024","842","USA","USA","M","Import","768","TGO","Togo","0","W00","World","H6","HS","true","8708","Motor vehicles; parts and accessories, of heading no. 8701 to 8705","4","false","C00","TOTAL CPC","0","0","TOTAL MOT","8","kg","2091.437","true","-1","N/A","0","false","2091.437","true","0","false","30704","29954","30704","6","false","true",
"C","A","20240101","2024","52","2024","842","USA","USA","M","Import","780","TTO","Trinidad and Tobago","0","W00","World","H6","HS","true","8708","Motor vehicles; parts and accessories, of heading no. 8701 to 8705","4","false","C00","TOTAL CPC","0","0","TOTAL MOT","8","kg","563.749","true","-1","N/A","0","false","563.749","true","0","false","8550","7897","8550","6","false","true",
"C","A","20240101","2024","52","2024","842","USA","USA","M","Import","784","ARE","United Arab Emirates","0","W00","World","H6","HS","true","8708","Motor vehicles; parts and accessories, of heading no. 8701 to 8705","4","false","C00","TOTAL CPC","0","0","TOTAL MOT","8","kg","3433128.709","true","-1","N/A","0","false","3433128.709","true","0","false","51814477","49604394","51814477","6","false","true",
"C","A","20240101","2024","52","2024","842","USA","USA","M","Import","788","TUN","Tunisia","0","W00","World","H6","HS","true","8708","Motor vehicles; parts and accessories, of heading no. 8701 to 8705","4","false","C00","TOTAL CPC","0","0","TOTAL MOT","8","kg","513113.088","true","-1","N/A","0","false","513113.088","true","0","false","8971608","8675104","8971608","6","false","true",
"C","A","20240101","2024","52","2024","842","USA","USA","M","Import","792","TUR","Türkiye","0","W00","World","H6","HS","true","8708","Motor vehicles; parts and accessories, of heading no. 8701 to 8705","4","false","C00","TOTAL CPC","0","0","TOTAL MOT","8","kg","57941545.581","true","-1","N/A","0","false","57941545.581","true","0","false","654610415","615194597","654610415","6","false","true",
"C","A","20240101","2024","52","2024","842","USA","USA","M","Import","796","TCA","Turks and Caicos Isds","0","W00","World","H6","HS","true","8708","Motor vehicles; parts and accessories, of heading no. 8701 to 8705","4","false","C00","TOTAL CPC","0","0","TOTAL MOT","8","kg","258.499","true","-1","N/A","0","false","258.499","true","0","false","4122","4121","4122","6","false","true",
"C","A","20240101","2024","52","2024","842","USA","USA","M","Import","804","UKR","Ukraine","0","W00","World","H6","HS","true","8708","Motor vehicles; parts and accessories, of heading no. 8701 to 8705","4","false","C00","TOTAL CPC","0","0","TOTAL MOT","8","kg","96175.285","true","-1","N/A","0","false","96175.285","true","0","false","1083750","1045236","1083750","6","false","true",
"C","A","20240101","2024","52","2024","842","USA","USA","M","Import","807","MKD","North Macedonia","0","W00","World","H6","HS","true","8708","Motor vehicles; parts and accessories, of heading no. 8701 to 8705","4","false","C00","TOTAL CPC","0","0","TOTAL MOT","8","kg","192105.024","true","-1","N/A","0","false","192105.024","true","0","false","2879643","2736068","2879643","6","false","true",
"C","A","20240101","2024","52","2024","842","USA","USA","M","Import","818","EGY","Egypt","0","W00","World","H6","HS","true","8708","Motor vehicles; parts and accessories, of heading no. 8701 to 8705","4","false","C00","TOTAL CPC","0","0","TOTAL MOT","8","kg","51073.454","true","-1","N/A","0","false","51073.454","true","0","false","605709","586758","605709","6","false","true",
"C","A","20240101","2024","52","2024","842","USA","USA","M","Import","826","GBR","United Kingdom","0","W00","World","H6","HS","true","8708","Motor vehicles; parts and accessories, of heading no. 8701 to 8705","4","false","C00","TOTAL CPC","0","0","TOTAL MOT","8","kg","32441592.616","true","-1","N/A","0","false","32441592.616","true","0","false","430894692","413450319","430894692","6","false","true",
"C","A","20240101","2024","52","2024","842","USA","USA","M","Import","834","TZA","United Rep. of Tanzania","0","W00","World","H6","HS","true","8708","Motor vehicles; parts and accessories, of heading no. 8701 to 8705","4","false","C00","TOTAL CPC","0","0","TOTAL MOT","8","kg","763.538","true","-1","N/A","0","false","763.538","true","0","false","7452","7377","7452","6","false","true",
"C","A","20240101","2024","52","2024","842","USA","USA","M","Import","854","BFA","Burkina Faso","0","W00","World","H6","HS","true","8708","Motor vehicles; parts and accessories, of heading no. 8701 to 8705","4","false","C00","TOTAL CPC","0","0","TOTAL MOT","8","kg","9387.946","true","-1","N/A","0","false","9387.946","true","0","false","166211","160301","166211","6","false","true",
"C","A","20240101","2024","52","2024","842","USA","USA","M","Import","858","URY","Uruguay","0","W00","World","H6","HS","true","8708","Motor vehicles; parts and accessories, of heading no. 8701 to 8705","4","false","C00","TOTAL CPC","0","0","TOTAL MOT","8","kg","742.571","true","-1","N/A","0","false","742.571","true","0","false","15340","13274","15340","6","false","true",
"C","A","20240101","2024","52","2024","842","USA","USA","M","Import","860","UZB","Uzbekistan","0","W00","World","H6","HS","true","8708","Motor vehicles; parts and accessories, of heading no. 8701 to 8705","4","false","C00","TOTAL CPC","0","0","TOTAL MOT","8","kg","1169.943","true","-1","N/A","0","false","1169.943","true","0","false","10489","6989","10489","6","false","true",
"C","A","20240101","2024","52","2024","842","USA","USA","M","Import","862","VEN","Venezuela","0","W00","World","H6","HS","true","8708","Motor vehicles; parts and accessories, of heading no. 8701 to 8705","4","false","C00","TOTAL CPC","0","0","TOTAL MOT","8","kg","769.39","true","-1","N/A","0","false","769.39","true","0","false","8244","8094","8244","6","false","true",
"C","A","20240101","2024","52","2024","842","USA","USA","M","Import","887","YEM","Yemen","0","W00","World","H6","HS","true","8708","Motor vehicles; parts and accessories, of heading no. 8701 to 8705","4","false","C00","TOTAL CPC","0","0","TOTAL MOT","8","kg","2905.954","true","-1","N/A","0","false","2905.954","true","0","false","43556","38021","43556","6","false","true",
"C","A","20240101","2024","52","2024","842","USA","USA","M","Import","894","ZMB","Zambia","0","W00","World","H6","HS","true","8708","Motor vehicles; parts and accessories, of heading no. 8701 to 8705","4","false","C00","TOTAL CPC","0","0","TOTAL MOT","8","kg","14207.881","true","-1","N/A","0","false","14207.881","true","0","false","187772","180807","187772","6","false","true",
